Model,F1_Macro,ROC_AUC
Logistic Regression,0.8831390831390831,0.9714851189173599
Random Forest,0.8372362011765202,0.9685805177879091
